latitude,longitude,Elevation,MAT,MCMT,PPT_wt,PPT_sp,PPT_sm,PPT_at,Nitrogen,CN,pH,Phosphore,Calcium,Magnesium,Sodium,Potassium,Iron,Aluminium,WHC,OC,SOM,Manganese,leaf_Otu0000001,leaf_Otu0000002,leaf_Otu0000003,leaf_Otu0000004,leaf_Otu0000005,leaf_Otu0000006,leaf_Otu0000008,leaf_Otu0000009,leaf_Otu0000010,leaf_Otu0000011,leaf_Otu0000012,leaf_Otu0000013,leaf_Otu0000014,leaf_Otu0000015,leaf_Otu0000016,leaf_Otu0000017,leaf_Otu0000018,leaf_Otu0000022,leaf_Otu0000023,leaf_Otu0000025,leaf_Otu0000027,leaf_Otu0000028,leaf_Otu0000029,leaf_Otu0000030,leaf_Otu0000031,leaf_Otu0000032,leaf_Otu0000033,leaf_Otu0000034,leaf_Otu0000035,leaf_Otu0000036,leaf_Otu0000037,leaf_Otu0000038,leaf_Otu0000042,leaf_Otu0000044,leaf_Otu0000051,leaf_Otu0000052,leaf_Otu0000057,leaf_Otu0000058,leaf_Otu0000063,leaf_Otu0000066,leaf_Otu0000067,leaf_Otu0000068,leaf_Otu0000070,leaf_Otu0000073,leaf_Otu0000074,leaf_Otu0000077,leaf_Otu0000078,leaf_Otu0000084,leaf_Otu0000089,leaf_Otu0000093,leaf_Otu0000094,leaf_Otu0000096,leaf_Otu0000100,leaf_Otu0000101,leaf_Otu0000109,leaf_Otu0000115,leaf_Otu0000116,leaf_Otu0000117,leaf_Otu0000120,leaf_Otu0000137,leaf_Otu0000152,leaf_Otu0000157,leaf_Otu0000179,leaf_Otu0000246,leaf_Otu0000365,root_Otu0000001,root_Otu0000002,root_Otu0000003,root_Otu0000004,root_Otu0000005,root_Otu0000006,root_Otu0000007,root_Otu0000009,root_Otu0000011,root_Otu0000016,root_Otu0000017,root_Otu0000019,root_Otu0000020,root_Otu0000021,root_Otu0000024,root_Otu0000026,root_Otu0000028,root_Otu0000030,root_Otu0000041,root_Otu0000046,root_Otu0000049,root_Otu0000050,root_Otu0000051,root_Otu0000058,root_Otu0000063,root_Otu0000064,root_Otu0000070,root_Otu0000075,root_Otu0000076,root_Otu0000100,root_Otu0000102,root_Otu0000114,root_Otu0000121,root_Otu0000122,root_Otu0000144,root_Otu0000146,root_Otu0000156,root_Otu0000163,root_Otu0000174,root_Otu0000199,root_Otu0000238,root_Otu0000258,root_Otu0000284,root_Otu0000989,plant_OTU1,plant_OTU3,plant_OTU4,plant_OTU7,plant_OTU8,plant_OTU10,plant_OTU15,plant_OTU16,plant_OTU18,plant_OTU20,plant_OTU27,plant_OTU46,plant_OTU49,plant_OTU65,plant_OTU67,plant_OTU71,plant_OTU72,plant_OTU78,plant_OTU83,plant_OTU87,plant_OTU88,plant_OTU100,plant_OTU109,plant_OTU113,plant_OTU114,plant_OTU132,plant_OTU136,plant_OTU143,plant_OTU145,plant_OTU146,plant_OTU147,plant_OTU149,plant_OTU154,plant_OTU159,plant_OTU179,plant_OTU192,plant_OTU196,plant_OTU198,plant_OTU202,plant_OTU203,plant_OTU204,plant_OTU216,plant_OTU223,plant_OTU234,plant_richness,plant_Shannon
0.33797855495585600,0.24617703447024000,-0.5232815964523280,0.42914979757085100,0.45652173913043500,0.004021447721180160,-0.25936599423631100,-0.37015781922525100,-0.2807498856881580,0.3286307053941910,2.0323450134770900,0.211428571428571,0.0034364261168384900,0.2803561280545560,0.3317919075144510,1.3586750823151000,-0.19657348963029800,-0.5247148288973380,-0.888385269121813,0.6092836321080620,1.3672566371681400,1.3706070287539900,-0.17991967871485900,0.21685202120182700,1.9114019267018000,-0.3467236732622030,-0.3664149933880430,4.115382669136970,8.511756543321690,0.0,0.0,5.186082354877600,0.0,19.285376292443600,0.0,0.0,0.0,0.0,0.0,0.0,0.0,0.647243407783417,0.0,0.0,0.0,0.0,0.0,0.0,0.0,0.0,0.0,0.0,0.0,0.627703827485124,3.31964796300885,0.0,2.26117743288836,0.0,1.69351603082962,2.617935555867080,0.0,0.0,0.0,0.0,0.0,7.18029174828516,0.0,2.35026470092756,0.0,0.0,0.0,0.0,0.0,0.0,0.0,0.0,0.0,0.0,0.973900337154254,0.0,0.0,0.0,0.0,0.0,0.0,0.0,0.0,0.0,0.8823744001038270,0.0,-0.4418126578104490,0.0,13.9235757640207,12.8873271621389,0.0,6.10798256781,0.0,0.0,4.59362847558344,0.0,0.0,0.0,0.0,0.0,1.21974176120119,0.0,0.0,0.0,1.41328115180228,0.0,0.0,0.840300028992376,0.0,0.0,0.0,0.0,0.0,0.0,0.0,0.0,0.0,0.0,0.0,0.0,0.0,0.0,0.0,0.0,0.0,0.0,0.0,0.0,0.7,3.0,0.0,20.0,1.0,0.0,1.0,3.0,0.0,0.0,0.5,0.0,0.0,3.3333333333333300,0.0,9.644927536231880,0.0,5.0,0.0,0.0,0.0,54.11764705882350,0.0,4.705882352941180,0.0,0.9090909090909090,1.0,30.666666666666700,0.0,0.0,1.0,0.0,0.41379310344827600,0.0,57.6,0.0,0.0,1.1397984886649900,0.0,0.0,0.0,0.0,0.0,0.0,1.65,1.1466341827158000
0.58886894075403,0.11261012011796700,-0.42572062084257200,0.22672064777327900,0.28260869565217400,-0.04423592493297550,-0.23054755043227600,-0.11477761836441900,-0.2679469593049840,-0.8069709543568470,0.01617250673854430,0.8400000000000000,-0.40893470790378000,0.037885963250615400,-0.6283236994219650,-0.5117319535753740,-0.23264201983769200,-0.5247148288973380,-0.4056657223796030,-0.6743148232802240,-0.7721238938053100,-0.7712460063897760,-0.17991967871485900,1.38085368092038,0.0,1.4531793758607800,0.10143367274575300,2.2000264846099600,5.555917867324320,0.0,0.673076718281023,0.0,0.953134891122022,0.0,0.7305830475582970,1.2478564113464000,1.1615440596246300,0.0,0.0,0.0,0.0,0.0,0.0,0.0,0.0,3.046681037259070,0.0,0.0,0.0,0.0,0.0,0.0,0.0,0.0,0.0,0.0,0.0,0.0,0.0,0.0,0.0,0.0,0.0,0.0,0.0,0.0,0.0,1.26651698971397,0.0,1.40133116800924,1.8591191885846,0.0,0.0,0.0,0.0,0.0,0.0,0.0,0.0,0.0,0.0,1.13853504539274,0.0,0.0,0.0,0.0,0.0,0.0,2.3524292166817500,0.0,0.4462027702772950,0.0,3.89306443019381,4.15998988383031,0.0,1.07174928510961,0.0,1.69433396267379,0.0,0.0,0.0,0.0,0.0,0.0,0.0,0.0,0.0,0.0,3.35302128565272,0.0,0.0,0.0,0.0,0.0,0.0,0.0,0.0,0.0,0.0,0.0,0.976555593669406,0.0,0.0,0.0,0.0,0.0,0.0,0.0,0.0,0.0,0.0,0.0,-0.1,0.0,0.0,0.0,0.0,0.0,0.0,0.0,0.0,0.0,0.0,0.0,0.0,0.0,0.0,-0.13768115942029000,0.0,0.0,0.0,5.0,0.0,0.0,0.0,0.0,0.0,0.0,0.0,0.0,0.0,0.0,0.0,0.0,0.0,0.0,0.0,0.0,0.0,0.86272040302267,0.0,0.0,0.0,0.0,0.0,0.0,-0.8500000000000000,-0.785903765224173
0.5890668237567560,0.11277466254325500,-0.4286770140428680,0.23481781376518300,0.28260869565217400,-0.04423592493297550,-0.23054755043227600,-0.11477761836441900,-0.2679469593049840,0.4049792531120330,-0.3396226415094340,0.11999999999999900,-0.5395189003436430,1.2199280166698200,-0.16069364161849700,-0.31738079350667800,-0.5356176735798020,-0.1064638783269960,-0.004532577903682850,-0.18576959253173000,0.04646017699115050,0.04792332268370610,-0.17991967871485900,0.5251121460134870,0.0,0.3001985585605180,0.058836754462632000,0.0,0.0,0.0,0.0,0.0,0.0,0.0,1.8481438574904200,1.1017145413677900,0.0,0.0,0.0,1.67158426134983,0.0,0.0,0.0,0.0,0.0,1.1981494513868200,0.0,5.19892610979549,0.0,0.0,0.0,0.0,0.0,1.33660898465122,3.9640512956589,0.0,0.0,0.0,0.0,0.0,0.0,0.0,0.0,0.0,0.0,0.0,0.0,0.0,0.0,0.0,1.4938829331069,0.0,0.0,0.0,0.0,0.0,0.0,0.0,0.0,0.0,0.0,4.12672770116703,0.0,1.2209033791737,0.0,0.0,0.0,0.0,2.464540662671390,0.0,-0.4418126578104490,0.0,2.48231431676259,1.57333008731203,1.4308501849078900,2.19987244186916,0.779492097405374,0.758100513781479,0.627445647491875,0.0,0.0,0.0,0.0,0.0,0.0,0.0,0.0,0.0,0.0,0.0,0.0,0.0,0.0,0.0,0.0,3.91955926112177,0.0,0.0,0.0,0.0,3.15830979433978,1.2352112349795600,0.0,0.0,0.0,0.539349535224764,0.0,0.0,0.0,0.0,0.0,0.0,0.1,0.0,0.0,0.0,0.0,0.0,0.0,0.0,0.0,0.0,0.0,0.0,0.0,0.0,0.0,-0.13768115942029000,2.0,0.0,0.0,60.0,0.0,444.7058823529410,0.0,0.23529411764705900,0.0,0.0,0.0,0.0,2.0,0.0,10.0,40.0,0.8275862068965520,0.0,0.0,0.0,0.0,-0.25818639798488700,0.0,0.0,0.0,8.0,0.0,0.0,0.1500000000000000,-0.46042143426499700
-0.42362821292352300,-0.5590384811615900,0.07686622320768660,-0.17813765182186200,-0.08695652173913040,-0.3445040214477210,0.07492795389049030,0.08895265423242500,0.017375400091449700,0.2755186721991700,-0.39353099730458200,0.34285714285714300,0.7388316151202750,0.7880280356128060,-0.5595375722543350,-0.02317949615498230,0.30357679591223300,-0.09885931558935360,-0.75014164305949,0.7142581130293920,-0.07522123893805320,-0.07731629392971240,-0.17991967871485900,-0.09669632940225220,0.0,1.5535378319354400,2.217869732021350,0.0,0.0,0.0,0.0,0.0,0.0,52.97189389966220,0.5029421013041820,3.139013251872730,2.7612268747239600,0.0,0.0,3.61842996203224,1.71082277238338,0.869334245768916,0.7473015643331860,0.0,0.0,0.0,0.0,2.00593811074399,1.73138639603963,0.902362064930316,1.28754837134328,0.0,0.0,0.0,0.0,0.0,0.0,0.0,0.0,0.0,0.0,0.0,0.0,0.0,0.0,0.0,0.0,2.32467342173303,0.0,0.0,0.0,0.0,0.0,0.0,0.0,0.0,0.0,0.0,0.0,0.881378395031143,0.0,0.0,0.0,0.0,0.767939889472506,0.0,0.0,0.0,-0.07105774108745410,0.0,2.005798143504410,1.97924303061652,0.0,0.0,0.0,0.0,0.0,0.0,0.0,0.0,12.1113788248829,3.66847376484437,0.0,0.0,0.0,0.0,5.61500629264258,0.0,0.0,0.0,0.0,0.0,0.0,0.0,0.0,5.29077778290241,0.0,0.0,0.0,0.0,5.91334441714629,0.0,0.0,0.0,0.0,0.0,0.0,0.0,0.0,0.0,0.0,0.0,-0.1,0.0,0.0,0.0,13.0,0.0,0.0,0.0,0.0,220.0,24.5,0.0,0.0,0.0,1.875,0.07971014492753620,0.0,0.0,6.0,110.0,0.0,0.0,0.0,0.0,3.0,0.0,0.0,0.0,0.0,0.0,13.0,0.0,0.27586206896551700,0.0,0.0,0.0,0.0,1.5680100755667500,0.0,0.0,0.0,0.0,0.0,0.0,0.5250000000000000,0.6958015136321170
-0.02025002727909370,-0.050682261987085500,-0.3429416112342940,0.29149797570850500,0.5434782608695650,-0.4356568364611250,-0.06916426512968240,-0.18938307030129100,-0.38500228623685400,-0.6605809128630710,-0.3180592991913750,0.7714285714285710,-0.34707903780068700,1.50028414472438,1.1930635838150300,3.8388811708981900,0.84580703336339,-0.5247148288973380,-1.4708215297450400,0.6578650320563740,-0.7300884955752210,-0.7303514376996810,-0.17991967871485900,0.19156451480660900,65.29199927882240,-0.311491172280937,-0.30548078808170800,0.0,0.0,0.0,0.0,0.6289368953017,0.0,0.0,0.6151983657867960,0.0,0.0,0.0,0.0,0.0,0.0,0.0,0.0,0.0,0.0,0.0,4.36626232897417,0.0,0.0,0.70878055637134,0.0,0.0,0.0,0.0,0.0,0.0,0.0,0.0,0.0,0.0,0.0,0.0,0.0,0.0,0.0,0.0,0.0,0.0,0.0,0.0,0.0,0.0,0.0,0.0,0.0,0.0,2.58549316018363,0.0,0.0,0.0,0.0,0.0,0.0,0.0,0.0,0.0,0.0,0.0,0.04568945883307820,14.9013989851386,1.307046804295700,0.0,0.0,0.0,0.20575350327624300,0.0,0.0,0.0,0.0,0.0,0.0,0.0,0.0,0.0,0.0,1.76208988132467,0.0,0.0,0.0,0.0,0.0,0.0,0.0,0.0,0.0,1.58233326099462,1.02270455197808,0.0,0.0,0.0,0.0,0.0,0.0,0.0,1.6968624142709,0.0,0.0,0.0,0.776958849612044,0.0,0.0,0.0,-0.1,0.0,0.0,0.0,0.0,0.0,0.0,7.0,0.0,0.0,1.5,0.0,0.0,8.333333333333330,5.0,0.07971014492753620,0.0,0.0,0.0,0.0,0.0,0.0,0.0,0.9411764705882350,0.0,1.8181818181818200,0.0,0.0,1.0,0.0,0.0,155.0,0.0,0.0,0.0,0.0,0.0,-0.32115869017632200,61.0,0.0,0.0,0.0,2.0,0.0,0.4000000000000000,0.817080644193601
0.04966301998231360,-0.019200343781843900,-0.3340724316334070,0.20242914979757100,-0.021739130434782700,-0.47319034852546800,-0.20172910662824200,-0.30989956958393100,-0.45267489711934100,-0.7741078838174280,0.2641509433962260,-0.5428571428571430,-0.7182130584192440,-0.9198711877249480,-0.9248554913294800,-0.6133651290241420,-0.78809738503156,0.0532319391634981,-0.428328611898017,-1.4152084397585300,-0.6900442477876110,-0.6894568690095850,0.47550200803212900,0.07758015262029420,41.55763797253650,-0.4954160448820460,-0.3664149933880430,0.9818740960186180,0.0,0.0,0.0,1.8336939419771200,0.0,0.0,0.6181046955620900,0.0,0.0,0.0,0.0,0.0,2.62558443164573,0.0,0.0,0.0,0.0,0.43321732270802100,3.61329311834709,0.910361292850673,0.0,0.0,0.0,0.0,0.0,0.0,0.0,1.60287102176919,6.73177387788015,0.0,0.0,0.0,0.0,0.0,0.0,0.0,0.0,10.3110633150778,0.0,0.0,0.0,0.0,0.0,0.0,0.0,0.0,0.0,0.0,0.0,0.0,0.0,0.0,0.0,0.0,0.0,0.0,0.0,3.22413898464467,0.0,0.0,-0.07105774108745410,20.3638018894694,-0.4418126578104490,0.0,0.0,0.0,3.9770451186076800,0.0,0.0,0.0,0.0,0.0,0.0,0.0,0.0,0.0,0.0,0.0,0.0,0.63837520599657,0.0,0.0,0.0,0.0,0.0,2.90635786551702,0.0,0.0,0.0,0.0,0.0,0.0,0.0,0.0,0.0,2.29541446973966,0.0,0.0,0.0,0.0,0.0,0.0,0.988318534029786,0.0,1.9,1.0,5.0,20.0,0.0,0.0,0.0,0.0,0.0,0.0,0.0,18.0,0.0,0.0,0.0,4.717391304347830,0.0,0.0,0.0,0.0,0.0,504.7058823529410,0.0,7.294117647058820,0.0,6.363636363636360,0.0,0.6666666666666670,0.0,0.0,0.0,0.0,8.32183908045977,1.0,0.0,0.0,0.0,1.0516372795969800,0.0,0.0,2.0,0.0,0.0,0.0,0.6500000000000000,0.5627373085461080
-1.0781227358798800,0.2542963245335750,1.2446415373244600,-0.7206477732793540,0.7391304347826090,-0.5160857908847180,1.2968299711815600,1.1822094691535100,0.26977594878829400,-0.4082987551867220,7.735849056603770,0.7028571428571420,-0.4982817869415810,-0.2826292858495930,-0.7323699421965320,-0.231794961549821,-0.9419897805831080,0.5779467680608360,0.0067988668555242700,-1.0571782431075700,2.1371681415929200,2.130990415335460,-0.17991967871485900,-0.09669632940225220,28.83571227686610,-0.4954160448820460,0.6775808368332500,0.0,0.0,0.0,0.0,0.0,0.0,264.90834294867700,0.0,0.0,0.0,0.0,0.0,2.41164471180798,0.0,0.0,0.0,0.628342999668275,0.0,0.0,0.759134568959959,0.0,0.0,0.0,0.0,1.79270086189169,0.0,0.0,0.0,0.0,0.0,0.0,0.0,0.0,0.0,0.0,0.0,0.0,0.0,0.0,0.0,0.0,0.0,0.0,0.0,0.0,0.0,0.0,0.0,0.0,0.0,0.0,0.0,0.0,0.0,0.789730488746279,0.0,0.0,0.0,0.0,0.0,0.0,-0.07105774108745410,53.5196334545455,-0.4418126578104490,0.0,0.0,0.0,0.5494953988271590,0.0,0.0,0.0,0.0,0.0,0.0,0.0,0.0,1.41443078976218,0.0,6.79028850816683,0.0,0.0,0.0,0.0,0.0,0.0,0.0,0.0,0.0,0.0,0.0,0.0,0.0,0.0,0.0,0.0,0.0,0.0,0.0,0.0,0.0,0.0,0.0,0.0,0.0,0.0,-0.1,0.0,0.0,0.0,0.0,0.0,0.0,0.0,0.0,0.0,1.0,0.0,0.0,0.0,0.0,-0.13768115942029000,0.0,0.0,0.0,0.0,0.0,0.0,127.0,0.23529411764705900,0.0,0.9090909090909090,0.0,19.666666666666700,0.0,0.0,0.0,0.0,0.9655172413793100,0.0,0.0,0.0,5.0,-0.35894206549118400,0.0,0.0,6.0,24.0,0.0,0.0,0.6500000000000000,0.8385080524200120
-1.0775739964893300,0.2538673959783360,1.2416851441241700,-0.7206477732793540,0.7391304347826090,-0.5187667560321710,1.2968299711815600,1.1822094691535100,0.2642889803383630,-0.09958506224066410,1.2129380053908400,-0.43428571428571400,0.2783505154639180,-0.44781208562227700,-0.5173410404624280,-0.25319141953903500,-0.5788999098286750,0.09885931558935370,-0.18810198300283300,-0.17800945835486900,0.3451327433628320,0.34440894568690100,0.34056224899598400,-0.09669632940225220,46.83537161436190,-0.2047053872843070,0.4914453308535340,0.0,0.0,18.5925301898945,0.0,0.0,0.0,0.0,0.0,0.0,0.0,0.0,0.0,0.0,0.0,0.0,0.0,0.0,0.0,0.0,6.42511978055199,0.0,2.25879809839842,0.0,1.55870645791053,0.701294154735442,0.0,0.0,0.0,0.0,0.0,0.0,0.0,0.0,0.0,0.0,0.0,0.0,0.0,0.0,0.68867559699643,0.704293450191551,0.0,0.0,0.0,0.0,0.0,0.0,0.0,0.0,0.0,0.0,0.0,0.0,0.0,0.0,0.0,0.0,0.0,2.17140973039649,0.0,0.0,-0.07105774108745410,35.6361321472736,0.9292748934750670,0.0,0.0,0.0,2.613808131103950,0.0,0.0,0.0,0.0,1.57608774464627,0.0,0.0,0.0,0.0,0.0,3.06775525799494,0.0,0.0,0.0,0.0,0.0,0.0,0.0,0.0,0.0,0.0,0.0,0.0,0.0,0.0,0.0,0.0,0.0,0.0,0.0,0.0,0.0,0.0,0.0,0.0,0.0,0.0,-0.1,0.0,0.0,0.0,0.0,0.0,0.0,0.0,0.0,0.0,0.0,0.0,0.0,0.0,0.0,-0.13768115942029000,0.0,0.0,0.0,0.0,0.0,0.0,0.0,0.0,0.0,0.0,0.0,0.0,0.0,0.0,0.0,0.0,0.0,0.0,0.0,3.0,0.0,6.517632241813600,0.0,0.0,0.0,0.0,0.0,0.0,-1.1,-1.1332420525742900
-0.2528692158254560,-0.0003985760690215760,-0.3311160384331120,0.38056680161943400,0.41304347826086900,-0.5482573726541550,-0.12680115273775200,-0.2381635581061690,-0.3923182441700960,-0.2688796680497930,-0.11320754716981100,0.46857142857143000,0.06529209621993110,0.5682894487592350,0.7306358381502890,1.4068171127908400,-0.10159302675082700,-0.5247148288973380,-0.8113314447592070,0.23971946390509200,-0.3584070796460180,-0.359744408945687,-0.17991967871485900,1.093262348804690,0.0,0.07368936726750630,0.16764385855148600,8.043824041300550,11.074037421691000,0.0,0.0,0.0,12.4611706237688,0.0,0.6113295263654540,0.0,4.954438750429310,11.2014782181303,0.0,0.0,0.0,0.0,0.0,0.0,0.0,0.0,0.0,0.994566762917215,0.0,0.0,0.0,0.0,0.0,0.0,0.0,0.0,0.0,4.33862454020945,0.0,0.0,0.0,3.10324476326064,0.0,0.0,0.0,0.0,0.0,0.0,0.0,0.0,0.0,0.0,0.0,0.0,0.0,1.24289383892532,0.0,0.0,0.0,0.0,0.0,0.0,0.0,0.0,1.99308464944131,0.0,0.0,0.0,1.1150550176657400,0.0,-0.4418126578104490,0.0,6.04143563545464,4.63904330277106,0.0,0.0,17.9839011911309,15.0929318452082,0.0,0.0,0.0,0.0,0.0,0.0,0.0,0.0,0.0,0.0,0.0,3.9132849005674,4.0890988898604,0.0,4.19909699426525,0.0,0.0,0.0,0.0,3.08548927192974,2.6224986879472,4.50345508127965,0.0,0.0,0.0,0.0,0.0,0.0,0.0,0.0,0.0,0.0,0.0,0.0,7.9800000000000000,1.8,0.0,8.0,1.0,0.0,0.0,0.0,1.2,0.4444444444444450,1.5,14.1,0.0,25.333333333333300,0.125,5.5724637681159400,0.0,0.0,0.0,7.000000000000000,0.0,1.6470588235294100,89.2,10.070588235294100,2.4,3.0909090909090900,11.4,0.0,0.0,0.0,0.0,287.0,0.1839080459770120,0.0,0.48,81.0,0.0,3.149874055415620,28.6,0.0,0.0,1.0,0.0,7.6,0.375,0.19530868324290900
-0.25337023874725600,-0.0001653411749248270,-0.3311160384331120,0.38056680161943400,0.41304347826086900,-0.5482573726541550,-0.12680115273775200,-0.2381635581061690,-0.3941472336534060,1.7825726141078800,-0.36118598382749300,-0.6228571428571430,0.5945017182130580,1.8109490433794300,0.060115606936416200,-0.17652077841101800,0.2855425308085360,-0.12167300380228100,-0.32861189801699700,1.2329332365739300,1.0508849557522100,1.0498402555910500,0.47550200803212900,1.2918218448984900,0.0,-0.3464126207875100,0.07185241628639010,11.900196968013600,23.391865110589600,0.0,2.44707730340876,0.0,22.097172751883,0.0,0.0,0.0,0.0,15.7616993896556,0.0,0.0,0.0,0.0,0.0,0.0,0.0,0.0,0.0,0.0,0.0,0.0,0.0,0.0,0.0,0.0,0.0,0.0,0.0,5.41281748488262,0.0,0.0,0.0,5.03661439103125,0.0,0.0,0.512130282384189,0.0,0.0,0.0,0.0,0.0,0.0,0.0,0.0,0.0,0.0,4.05617611987021,0.0,0.0,0.0,0.0,0.0,0.0,0.0,0.0,0.0,0.0,0.0,0.0,0.7765623612645120,0.0,-0.26391429430334500,0.0,7.2630478670526,7.1078538000412,0.0,1.94022799779566,21.6269640510976,16.7965462157056,0.801266386738585,0.0,0.0,0.0,0.0,0.0,0.0,0.0,0.0,0.0,0.0,0.0,7.80285275989872,0.0,8.20013967518708,0.0,0.0,0.0,0.0,4.00802299116406,0.0,0.0,0.0,1.5177354393547800,0.0,0.0,0.0,0.662712482390678,0.0,0.598387528550288,0.0,0.0,0.0,0.0,0.9400000000000000,0.0,0.0,0.0,0.0,0.0,0.2,0.0,1.2,0.888888888888889,5.1,1.3,0.0,1.0,1.0,0.644927536231884,0.0,0.4,0.0,22.0,0.2,2.588235294117650,0.0,9.694117647058830,0.4,2.1818181818181800,8.8,0.06666666666666670,0.0,0.0,0.0,10.0,1.3885057471264400,0.0,10.72,80.4,0.0,4.343828715365240,4.6,0.0,0.0,1.8,0.0,0.0,0.0,-0.033141772303789000
-0.2533730455983510,-3.43462344046751E-05,-0.3311160384331120,0.38056680161943400,0.41304347826086900,-0.5482573726541550,-0.12680115273775200,-0.2381635581061690,-0.3941472336534060,2.7120331950207500,-0.17789757412398900,-1.462857142857140,0.9037800687285230,1.5305929153248700,0.817341040462428,-0.0463589923099643,0.47309888788698500,-0.5247148288973380,-1.4708215297450400,1.6427878663252800,2.0132743362831900,2.0057507987220400,1.972690763052210,1.1618754890864800,0.0,-0.32893232845893300,-0.2840764607011220,12.873255791466100,23.63487387228150,0.0,2.16031021315978,0.0,19.112814137751,0.0,0.0,0.0,0.0,13.571953926382,2.00256592603437,0.0,0.0,0.0,0.0,0.0,0.0,0.0,0.0,0.0,0.0,0.0,0.0,0.0,0.0,0.0,0.0,0.0,1.45121243564476,5.06807979779272,0.0,0.0,0.0,3.43832543829209,0.0,0.0,0.572210693963853,0.0,0.0,0.0,0.0,0.0,0.0,0.0,0.0,0.0,0.0,3.5179360594702,0.0,0.0,0.0,0.0,0.0,0.0,0.0,0.0,2.58041347680965,0.0,0.0,0.0,1.0015674439161700,0.0,-0.4418126578104490,0.0,7.79054508461015,7.36296452375733,0.0,1.15763309086718,22.1822908000164,16.981544174711,0.0,0.0,0.0,0.0,0.0,0.0,0.0,0.0,0.0,0.0,0.0,0.0,7.5167345205142,0.0,7.16111276411519,0.0,0.0,0.0,0.0,5.25086526646479,0.0,0.0,0.0,1.0249360710404900,0.0,0.0,0.0,0.0,0.0,0.0,0.0,0.0,0.0,0.0,1.7400000000000000,0.6,0.0,4.0,0.2,0.0,0.6,0.6,0.4,0.4444444444444450,1.0,0.3,0.0,1.6666666666666700,0.125,1.9057971014492800,0.0,1.0,0.2,4.0,0.0,20.705882352941200,1.8,10.494117647058800,1.0,0.5454545454545450,9.0,15.066666666666700,0.0,0.0,0.2,8.0,0.34022988505747100,0.0,11.68,80.4,0.0,3.2632241813602000,0.0,3.4,0.4,0.6,0.0,0.2,0.4250000000000000,0.10795342538547900
-0.2533674318961500,3.43462344046751E-05,-0.3311160384331120,0.38056680161943400,0.41304347826086900,-0.5482573726541550,-0.12680115273775200,-0.2381635581061690,-0.3941472336534060,1.8721991701244800,-0.35040431266846400,-1.0171428571428600,-0.09278350515463930,1.6063648418261000,0.008092485549133080,-0.3102486408436070,-0.3636910129245570,-0.5247148288973380,-1.4708215297450400,1.6953123900615400,1.1172566371681400,1.1150159744408900,1.0506024096385500,1.2878247550434000,0.0,-0.4954160448820460,-0.3664149933880430,11.361767059050000,14.500563581039700,0.0,0.0,4.290548659441930,19.1987025565479,0.0,0.0,0.0,0.0,15.6674257214419,0.0,0.0,2.73920729534928,0.0,0.0,0.0,0.0,0.0,0.0,0.0,0.0,0.0,0.0,0.0,0.0,0.0,1.58494460303638,0.0,0.0,7.5247403079455,0.0,0.0,0.0,6.37196066721014,0.0,0.0,0.0,0.0,0.0,0.0,0.0,0.0,0.0,0.0,0.0,0.0,0.0,2.37015020658787,0.0,0.0,0.0,0.0,0.0,0.0,0.0,0.0,0.0,0.0,0.0,0.0,0.9248593933644140,0.0,-0.4418126578104490,0.0,6.50944323057397,5.55678939371024,0.0,1.93371004587828,21.7010402870666,17.6983011504671,0.0,0.0,0.0,0.0,0.0,0.0,0.0,0.0,0.0,0.0,0.0,0.0,7.54438612528233,0.0,8.67625591089183,0.0,0.0,0.0,0.0,5.48628965980043,0.0,0.0,0.0,0.9844546122011990,0.0,0.0,0.0,0.0,0.0,0.0,0.0,0.0,0.0,0.0,0.9400000000000000,0.0,0.0,0.0,0.0,0.0,0.2,0.0,1.2,0.888888888888889,5.1,1.3,0.0,1.0,1.0,0.644927536231884,0.0,0.4,0.0,22.0,0.2,2.588235294117650,0.0,9.694117647058830,0.4,2.1818181818181800,8.8,0.06666666666666670,0.0,0.0,0.0,10.0,1.3885057471264400,0.0,10.72,80.4,0.0,4.343828715365240,4.6,0.0,0.0,1.8,0.0,0.0,0.0,-0.033141772303789000
-0.2532888400652790,-0.00016214617637546400,-0.3311160384331120,0.38056680161943400,0.41304347826086900,-0.5482573726541550,-0.12680115273775200,-0.2381635581061690,-0.3941472336534060,1.5136929460580900,-0.19946091644204900,-0.3085714285714290,0.6288659793814430,1.848835006630040,0.05780346820809260,0.008915190828839280,0.4562669071235340,0.14448669201520900,0.095184135977337,-0.5532191101234880,1.0243362831858400,1.0281150159744400,0.4176706827309240,1.0775399008715800,0.0,-0.055247901378767500,-0.07068981865758270,11.916316435655100,20.475334623192900,0.0,0.0,0.0,19.1637054008667,0.0,1.0397268535788800,0.0,0.0,13.393536151641,0.0,0.0,0.0,0.0,0.0,0.0,0.0,0.0,0.0,0.0,0.0,3.86830070364231,0.0,0.0,0.0,0.0,0.0,0.0,0.0,7.37786921251708,0.0,0.0,0.0,6.72122629520825,0.0,0.0,0.521742146479272,0.0,0.0,0.0,0.0,0.0,0.0,0.0,0.0,0.0,0.0,1.50390563593144,0.0,0.0,0.0,0.0,0.0,0.0,0.0,0.0,0.0,0.0,0.0,0.0,0.865505311449291,0.0,-0.4418126578104490,0.0,6.61212382330913,6.13882703181294,0.0,1.3603348331573,23.9444196944576,16.3263844804735,0.0,0.0,0.0,0.0,0.0,0.0,0.0,0.0,0.0,0.0,0.0,0.0,7.25197908540691,0.0,7.37783709516608,0.0,0.0,0.0,0.0,5.53179087495753,0.0,0.0,0.0,1.6518981286112200,0.0,0.0,0.0,0.721294028644312,0.0,0.651282966033087,0.0,0.0,0.0,0.0,0.9400000000000000,0.0,0.0,0.0,0.0,0.0,0.2,0.0,1.2,0.888888888888889,5.1,1.3,0.0,1.0,1.0,0.644927536231884,0.0,0.4,0.0,22.0,0.2,2.588235294117650,0.0,9.694117647058830,0.4,2.1818181818181800,8.8,0.06666666666666670,0.0,0.0,0.0,10.0,1.3885057471264400,0.0,10.72,80.4,0.0,4.343828715365240,4.6,0.0,0.0,1.8,0.0,0.0,0.0,-0.033141772303789000
-0.5847737449954710,-1.0894162278369400,0.647450110864745,-0.9959514170040490,-0.6739130434782610,0.22654155495978700,0.29394812680115300,-0.03730272596843590,0.4435299497027890,-0.009958506224066470,-0.36118598382749300,-0.36571428571428500,-0.12027491408934700,-0.12881227505209300,0.019653179190751300,2.2715906231882500,-0.5247971145175840,-0.0456273764258555,-0.18583569405099100,0.3668709228538970,-0.263274336283186,-0.2638977635782750,0.2698795180722890,-0.09669632940225220,51.44687441771790,-0.13192075032939400,0.4292460732821820,0.0,0.0,0.0,0.0,4.89129113597848,0.0,16.13340609479020,0.0,0.0,0.0,0.0,0.0,0.0,0.0,0.0,0.5964358582767990,0.0,0.0,0.0,4.61192352664303,0.0,0.0,0.0,0.0,0.0,0.0,0.0,1.00440392724515,0.613781182358715,0.0,0.0,0.0,0.0,0.0,0.0,0.0,0.0,0.0,0.0,0.0,0.0,0.0,0.0,0.0,0.0,0.0,0.0,2.11968891420593,0.0,0.0,3.45163606968399,0.0,0.0,0.0,0.0,0.0,0.0,0.0,0.0,0.0,0.0,0.0656855325299857,26.5153546368644,0.5642787496176530,0.0,0.511957525992421,0.0,3.8771545348067000,0.0,0.0,0.0,0.0,0.0,0.0,0.0,1.93518561777626,0.0,0.0,2.0618618435788,0.0,0.0,0.0,0.0,0.0,0.0,0.0,0.0,0.0,0.0,0.0,0.0,0.0,0.0,0.0,0.0,0.0,0.0,5.33232980822071,0.0,0.0,0.0,0.0,0.0,0.0,0.0,0.34,0.2,0.0,0.0,0.0,0.0,0.0,0.0,5.2,0.0,0.0,0.2,2.8,0.0,17.25,0.05072463768115940,0.0,0.0,3.6,0.0,2.8,0.0,0.4,0.18823529411764700,0.0,1.8181818181818200,0.0,4.533333333333330,0.2,0.0,0.0,3.0000000000000000,3.558620689655170,0.2,2.7200000000000000,3.2,0.0,0.5730478589420650,0.0,11.2,0.0,0.6,0.0,0.0,-0.10000000000000000,0.18052805704833200
-0.583756261470816,-1.0896007390031600,0.6415373244641540,-0.9959514170040490,-0.6739130434782610,0.22654155495978700,0.28818443804034600,-0.04017216642754640,0.43987197073616800,-0.1493775933609960,-0.11320754716981100,-0.5599999999999990,-0.03092783505154640,-0.2894487592347040,-0.11329479768786100,3.9048535830316,-0.639014126840998,0.8288973384030420,0.6594900849858360,-0.01872040905093420,-0.2699115044247790,-0.27028753993610200,0.7453815261044180,-0.09669632940225220,0.0,-0.35176819180106300,1.4547943688534600,0.0,0.0,0.0,0.0,0.0,0.0,883.2938213637760,0.0,0.0,0.0,0.0,0.0,0.0,0.0,0.0,0.0,0.0,0.0,0.0,0.0,0.0,0.0,0.0,0.0,0.0,0.0,0.0,0.0,0.0,0.0,0.0,0.0,0.0,0.0,0.0,0.0,0.0,0.0,0.0,0.0,0.0,6.935007931408470,0.0,0.0,0.0,0.0,0.0,0.0,0.0,0.0,5.82594059763374,0.0,0.0,0.0,0.0,0.0,0.0,0.0,0.0,0.0,0.0,0.2606865643637920,1.0108300390422,-0.4418126578104490,0.0,1.24202814067507,1.06387420932457,7.222128107879200,0.805098336630232,0.0,0.0,0.0,0.0,0.0,0.0,0.0,0.0,0.0,0.0,0.0,3.31665230935222,0.0,0.0,0.0,0.0,0.0,0.0,0.0,0.0,0.723425252465139,0.0,0.828932609929965,4.00498936442629,0.0,12.20445593387560,0.0,1.0292763578802,0.0,5.08556228335235,0.0,4.81177024282795,0.0,0.0,0.0,0.0,-0.1,0.0,0.0,0.0,0.0,0.0,0.0,0.0,10.0,0.0,0.0,0.0,0.0,0.0,0.0,0.3695652173913040,0.0,0.0,0.0,0.0,0.0,0.0,0.0,0.23529411764705900,0.0,0.0,0.0,0.0,1.0,0.0,0.0,15.0,1.5632183908046000,1.0,0.0,0.0,0.0,-0.49748110831234300,0.0,0.0,0.0,0.0,0.0,0.0,0.02499999999999990,0.7523698713498410
-0.6308931154608730,-1.0231455679279700,0.5173688100517370,-0.736842105263158,0.06521739130434770,0.17024128686327100,0.32276657060518800,0.06025824964131990,0.4709647919524460,1.5834024896265600,-0.5326145552560640,-1.1771428571428600,-0.03780068728522340,0.5379806781587420,0.7826589595375720,1.9863045166653900,-0.5572587917042380,-0.5247148288973380,-0.7637393767705380,2.0794084099970500,0.730088495575221,0.7290734824281150,1.6353413654618500,-0.07994551217782730,21.010551018742500,-0.057059421097789500,0.4961745615167740,0.0,0.0,2.71861104897466,0.0,1.2970649872610100,0.0,203.2773082160240,0.0,0.9660951528774030,0.0,0.320523474896394,0.0,0.1477057973947890,0.0,0.0,0.36845234652526200,0.0,0.0,0.0,1.8273281906905400,0.680710146977946,0.0,0.0,0.0,0.1520299636593800,0.1755321650703030,0.233610114171932,0.6539570257232140,0.12275623647174300,0.247785810746414,0.0,0.0,0.0,0.0,0.0,0.0,0.313542003300776,0.0,0.0,0.0,0.0,1.387001586281690,0.396833816051752,0.0,0.0,0.5703904139898060,0.0,0.5844238471767930,0.0,2.92569561761394,2.155662540814910,0.43361653397266,0.5868499824736040,0.1476032880279130,0.0,0.0,0.0,0.0,0.0,0.0,0.0,0.022639774726283000,9.01240648458458,0.6595985914186550,0.0,0.35079713333349800,0.21277484186491400,2.636077807523360,0.1610196673260460,0.1909393022243860,0.0,0.0,0.0,0.0,0.0,0.593285930279152,0.0,0.0,0.666548056012046,0.0,0.6633304618704440,0.657743750661058,0.736470352787444,0.1131582559200820,0.0,0.0,0.0,0.0,0.0,0.1446850504930280,0.1131529588502500,0.165786521985993,0.800997872885258,0.0,2.6534755483264900,0.0,0.20585527157604,2.124607434523010,1.01711245667047,3.67220220064234,0.9623540485655900,0.0,1.2754005685799300,0.0,0.0,-0.1,0.0,0.0,0.0,0.0,0.0,0.0,0.0,0.0,0.0,0.0,1.5,0.0,0.0,0.0,-0.13768115942029000,0.0,0.0,1.0,0.0,0.0,0.0,0.0,0.0,0.0,0.0,0.0,51.333333333333300,1.0,0.0,0.0,0.0,0.0,0.0,0.0,0.0,0.0,-0.5100755667506300,0.0,0.0,0.0,0.0,0.0,0.0,0.4000000000000000,-0.11051185792771200
-0.6298026538075480,-1.0234882315223800,0.5144124168514410,-0.736842105263158,0.06521739130434770,0.17024128686327100,0.32276657060518800,0.057388809182209700,0.46913580246913600,0.13278008298755200,-0.4905660377358490,0.8685714285714270,-0.6013745704467350,-0.1363894677022160,-0.7791907514450870,-0.2817200301913210,-0.9095281033964530,-0.5247148288973380,0.19263456090651500,0.6668448567929390,-0.22787610619469000,-0.2268370607028750,-0.17991967871485900,-0.09669632940225220,24.358246003514300,-0.4954160448820460,-0.005277832206421860,0.0,0.0,0.0,0.0,11.648078811001000,0.0,0.0,0.0,0.0,0.0,0.0,0.0,0.0,1.37321157999511,0.0,1.5936434274388500,0.0,0.0,0.0,1.4473204675485,0.0,0.0,0.0,0.0,0.0,0.0,0.0,0.0,0.0,0.0,0.0,0.0,3.5270116833341100,0.0,0.0,0.0,0.0,0.0,0.0,0.0,2.21273864239522,2.1547037435487200,0.0,0.0,0.0,0.0,0.0,0.0,0.0,0.0,0.0,0.0,0.0,0.0,0.0,0.0,0.0,0.0,0.0,0.0,0.0,0.004635704297717240,16.543862630948,0.17966746790833300,0.0,0.0,0.0,0.0,0.0,0.0,0.0,0.0,0.0,0.0,0.0,0.0,0.0,0.0,2.57354580187195,0.0,0.0,4.98354665823085,0.0,0.0,0.0,0.0,0.0,0.0,7.67455430144578,0.0,0.0,0.0,21.6777029113214,0.0,0.0,0.0,0.0,0.0,0.0,0.0,0.0,0.0,0.0,0.0,0.0,-0.1,0.0,0.0,0.0,0.0,0.0,0.0,0.0,4.0,0.0,0.0,0.5,0.0,0.0,77.5,-0.13768115942029000,0.0,0.0,13.0,0.0,1.0,0.0,0.0,0.0,0.0,0.0,0.0,2.3333333333333300,0.0,0.0,0.0,0.0,0.0,0.0,3.2,0.0,0.0,0.18261964735516400,0.0,56.0,0.0,0.0,0.0,0.0,-0.10000000000000000,0.2691818158442830
-0.6298026538075480,-1.0234882315223800,0.5144124168514410,-0.736842105263158,0.06521739130434770,0.17024128686327100,0.32276657060518800,0.057388809182209700,0.46913580246913600,-0.2290456431535270,-0.7051212938005390,0.7657142857142850,-0.22336769759450200,-0.037885963250615700,-0.984971098265896,-0.3887023201373920,-1.0057108506161700,0.0076045627376426100,0.03626062322946190,0.4630356440400240,-0.5663716814159290,-0.5654952076677320,-0.17991967871485900,-0.02681596475494880,53.50678505580660,-0.3955529769940700,-0.21143493862690700,0.0,0.0,0.0,0.0,0.7617941384440340,0.0,0.0,0.9910706027273970,0.0,0.0,0.0,0.0,0.0,0.0,0.0,1.0914917594109400,0.0,0.0,0.0,7.13881066215277,0.0,0.0,0.0,0.0,0.0,0.0,0.0,1.25828108760647,0.0,0.0,0.0,0.0,0.0,0.0,0.0,0.0,0.0,0.0,0.0,0.0,0.0,1.3214623399326600,0.0,0.0,0.0,0.0,0.0,0.0,0.0,0.0,0.0,0.0,0.0,0.0,0.0,0.0,0.0,0.0,0.0,0.0,0.0,0.0057020587041609800,26.1178160668476,0.7581767273973460,0.0,0.0,0.0,0.0,0.0,0.0,0.0,0.0,0.0,0.0,0.0,0.0,0.0,0.0,0.0,0.0,0.0,0.0,0.0,0.0,0.0,0.0,0.0,0.0,0.0,0.0,0.0,0.0,0.0,0.0,0.0,0.0,0.0,1.68257230378509,0.0,0.0,0.0,0.0,0.0,0.0,0.0,-0.1,0.0,0.0,0.0,0.0,0.0,0.0,0.0,12.0,0.0,0.0,0.5,0.0,0.0,8.75,-0.13768115942029000,0.0,0.0,2.0,0.0,13.0,0.0,0.0,0.0,0.0,9.09090909090909,0.0,1.0,0.0,0.0,0.0,0.0,11.448275862069000,0.0,10.4,0.0,0.0,0.7997481108312340,0.0,0.0,0.0,3.0,0.0,0.0,0.1500000000000000,0.1336106039957830
1.0909135563540200,0.7273861497212270,1.3096821877309700,-1.6032388663967600,-2.6739130434782600,1.202412868632710,1.2046109510086500,1.0989956958393100,0.8184727937814360,2.187551867219920,0.35040431266846400,-0.26285714285714200,0.7319587628865980,1.6897139609774600,1.0658959537572300,0.4118818162923740,0.7027351968740600,0.6235741444866920,0.4124645892351280,0.3197848766582030,2.15929203539823,2.1565495207667700,-0.012851405622490000,-0.09669632940225220,0.0,-0.21754543918844100,-0.1819781616987550,0.0,0.0,0.0,0.0,0.0,0.0,0.0,0.0,0.0,0.0,0.0,0.0,0.0,0.0,0.0,0.0,5.51085711988888,0.0,0.0,0.0,0.0,0.0,0.0,0.0,0.0,0.0,0.0,0.0,0.0,0.0,0.0,0.0,0.0,0.0,0.0,0.0,0.0,0.0,0.0,0.0,0.0,0.0,0.0,0.0,0.0,0.0,3.30598504961796,0.0,0.0,1.10448626631869,0.0,0.0,0.0,0.0,0.0,0.0,0.0,0.0,0.0,0.0,1.48877570498879,0.01471720288711990,0.0,0.08924467297109830,0.0,0.0,0.0,3.300778716142990,0.0,0.0,0.0,0.0,0.0,0.0,0.0,0.0,0.0,0.0,0.0,0.0,0.0,0.0,0.0,0.0,0.0,0.0,0.0,0.0,0.0,2.36312821225992,0.0,0.0,0.0,0.0,0.0,0.0,0.0,0.0,0.0,0.0,0.0,0.0,0.0,0.0,0.0,-0.1,0.0,0.0,0.0,0.0,5.0,0.0,0.0,0.0,0.0,0.0,0.5,0.0,0.0,0.0,0.44202898550724600,0.0,0.0,0.0,0.0,0.0,0.0,12.0,0.0,0.0,16.363636363636400,0.0,0.0,0.0,0.0,0.0,0.0,0.0,0.0,0.0,0.0,0.0,-0.1322418136020150,0.0,0.0,0.0,0.0,0.0,0.0,-0.4750000000000000,-0.10586211034258100
1.092478375843670,0.7283678130254900,1.3096821877309700,-1.595141700404860,-2.6304347826087000,1.202412868632710,1.2046109510086500,1.1018651362984200,0.8312757201646090,0.31149527570864400,0.35617185724028200,-0.21094372294372400,0.2032939401558960,0.09952619303014390,0.11278059505656200,0.7040156644825360,0.12774971832985800,0.13025729548158400,0.26672691565720700,-0.4556113737652160,0.3580845505917480,0.35731706378228700,0.6619656540271520,0.030714475944426200,1.216414003700590,0.4269892934270020,1.8275956436342200,0.0,0.0,0.0,0.0,0.0,0.0,126.01118302319700,0.0,3.132161546521670,0.0,0.0,0.0,0.0,0.0,0.0,2.2870516429150700,0.0,0.0,1.3434343623973200,0.0,0.0,0.0,0.0,0.0,2.25826321208837,0.0,0.0,0.0,0.0,0.0,0.0,0.0,5.029547364033290,0.0,0.0,0.0,3.10268802063688,0.0,0.0,0.0,0.0,13.945734201700600,0.0,0.0,0.0,2.46381393413573,1.82008287434921,0.0,0.0,0.0,0.0,0.0,0.0,0.0,0.0,0.0,0.0,0.0,0.0,0.0,0.0,-0.07105774108745410,0.0,3.5564929670247000,1.9414513870204,0.0,0.0,4.910116319225500,0.0,0.0,0.0,0.0,0.0,6.16060674261193,0.0,0.0,0.0,0.0,0.0,0.0,0.0,0.0,0.0,0.0,0.0,0.0,0.0,0.0,0.0,0.0,0.0,0.0,0.0,0.0,0.0,0.0,0.0,0.0,0.0,0.0,0.0,0.0,3.2021548048470900,0.0,0.0,1.3,4.0,0.0,20.0,16.0,0.0,0.0,0.0,0.0,2.2222222222222200,0.0,1.0,0.0,0.0,0.0,0.7318840579710140,0.0,11.0,0.0,0.0,0.0,0.0,3.0,1.8823529411764700,5.0,0.0,0.0,23.666666666666700,0.0,0.0,0.0,0.0,0.0,0.0,0.0,0.0,0.0,-0.4471032745591940,0.0,0.0,0.0,50.0,0.0,0.0,0.5250000000000000,1.2190588225210600
-0.18295195828739500,-0.9009440621650870,-0.28085735402808600,0.008097165991903390,0.28260869565217400,-0.028150134048256900,-0.16138328530259300,-0.22955523672883800,0.0009144947416549750,0.537759336099585,-0.04851752021563330,0.07428571428571470,0.6632302405498280,0.5152491002083730,-0.25144508670520200,0.624063358018749,-0.35407273820258500,-0.5247148288973380,-0.20623229461756400,0.10222397728318100,0.4004424778761060,0.39808306709265100,-0.17991967871485900,-0.09669632940225220,0.0,1.8463219790744300,-0.07171904029887480,0.0,0.0,0.0,0.0,0.0,0.0,0.0,1.2990612439680800,1.2844093355876800,0.0,0.0,0.0,0.0,0.0,0.0,0.0,0.0,0.0,0.0,0.0,0.0,0.0,0.0,6.14878150747258,0.0,0.0,0.0,0.0,0.0,0.0,0.0,0.0,2.012501036137220,0.0,0.0,0.0,0.0,0.0,0.0,0.0,0.0,0.0,0.0,0.0,0.0,0.0,0.0,0.0,0.0,0.0,0.0,0.0,0.0,0.0,0.0,0.0,0.0,0.0,3.96117414135067,0.0,0.0,-0.07105774108745410,0.0,0.4821486704286600,0.0,0.0,0.0,0.0,0.0,0.0,0.0,0.0,0.0,0.0,0.0,0.0,0.0,0.0,0.0,0.0,0.0,0.0,0.0,0.0,0.0,0.0,0.0,0.0,0.0,0.0,0.0,0.0,0.0,0.0,0.0,0.0,0.0,0.0,0.0,0.0,0.0,0.0,11.857197691480900,0.0,0.0,-0.1,0.0,0.0,0.0,0.0,0.0,0.0,0.0,0.0,0.0,0.0,0.0,0.0,0.0,0.0,-0.13768115942029000,0.0,1.0,0.0,0.0,0.0,0.0,0.0,0.0,2.0,0.0,0.0,0.3333333333333330,0.0,0.0,0.0,0.0,1.5632183908046000,0.0,51.2,0.0,0.0,-0.3967254408060450,3.0,0.0,0.0,0.0,0.0,0.0,-0.6000000000000000,-0.0031176878969422300
0.9964545962011240,0.20114592616717800,-0.4109386548410940,0.2510121457489880,0.7826086956521740,0.20509383378016100,-0.1844380403458210,0.3558106169296990,-0.0009144947416549750,4.229045643153530,0.24258760107816700,-0.5942857142857150,1.1030927835051500,3.099071793900360,1.4184971098265900,0.1301617861010530,0.7892996693718060,0.9961977186311790,0.7750708215297450,-0.5958550385628680,3.8982300884955700,3.8945686900958500,-0.17991967871485900,-0.09669632940225220,0.0,0.5000284305738100,0.8343339447737790,0.0,0.0,10.022363925213,0.0,3.5623080832851300,0.0,59.27846044943780,0.0,1.4491726240898100,2.993784669811640,0.0,0.0,3.93934573622918,0.0,0.0,0.5974416603053520,0.0,0.0,0.0,0.0,0.0,0.0,0.0,0.0,1.52954939114825,0.0,1.26304187215265,0.0,0.0,5.0846281851578,0.0,0.0,1.0278883491841500,0.0,0.0,0.0,0.0,0.0,0.0,0.0,0.0,10.745296408411500,0.0,0.0,0.0,3.02861371987101,0.0,0.0,0.0,0.0,0.795736937094784,0.0,0.0,0.0,0.0,0.0,0.0,3.51893283632924,0.0,1.40188659624839,0.0,-0.07105774108745410,0.0,0.40465254794672900,1.21621105199115,0.0,0.0,5.317818379957000,0.0,0.0,0.0,0.0,1.20108596340512,1.78126222811059,0.0,0.0,0.0,0.0,0.0,0.0,1.01046806977051,0.0,13.0217425246273,0.0,0.0,0.0,0.0,0.0,7.08502837984827,0.0,0.0,2.75033187436708,2.01745342378076,0.0,0.0,0.0,0.0,0.0,0.0,0.0,0.0,0.0,0.0,0.0,0.0,3.3,0.0,1.0,0.0,0.0,0.0,0.0,0.0,1.0,0.0,4.5,0.0,0.0,21.666666666666700,0.625,-0.13768115942029000,0.0,0.0,0.0,0.0,0.0,0.0,68.0,10.352941176470600,0.0,0.9090909090909090,0.0,0.0,0.0,0.0,24.0,0.0,0.0,0.0,0.0,0.0,1.0,-0.01889168765743070,0.0,0.0,0.0,0.0,0.0,65.0,0.4000000000000000,0.8637923941271760
-0.05445712166542870,0.08387510191546160,-0.43458980044345900,0.445344129554658,0.5217391304347820,-0.3579088471849860,-0.16714697406340000,-0.32424677187948300,-0.3831732967535430,-0.6838174273858920,0.7277628032345010,0.25714285714285800,-0.2783505154639180,-0.3803750710361810,-0.6104046242774570,-0.292418259185928,-0.318004207995191,-0.1444866920152090,-1.4708215297450400,-0.8729536340219820,-0.4911504424778760,-0.49137380191693300,-0.17991967871485900,0.28101744238947100,1.7003555185866900,0.8401489034799420,0.7588854110819500,5.423314238591100,10.010466186070800,0.0,0.0,0.0,0.0,0.0,0.0,0.0,0.0,0.0,0.0,1.41506742709701,0.0,1.69863802934827,0.0,0.0,0.0,1.99614952771704,0.0,0.0,1.23333361488633,0.0,0.0,0.0,1.30650766592312,0.0,0.0,0.0,0.0,0.0,0.0,3.1801918092936800,0.0,0.0,0.0,2.73587058728866,0.0,0.0,0.849220011193826,0.0,0.0,0.0,0.0,0.0,0.0,0.0,0.0,0.0,0.0,0.0,2.95927095943291,0.0,0.0,0.0,0.0,0.0,0.0,0.0,0.0,3.12483914940433,0.7004062028746040,0.0,-0.00400594745605047,0.0,11.4951193493888,11.5793151056142,0.6409049354817960,6.45418460628133,0.0,0.0,3.72126706837798,1.6896629001926,0.0,2.40009611076062,0.0,0.0,2.38217429220459,0.0,0.0,0.0,1.43780187914749,0.0,0.0,0.0,0.0,1.37954557325276,0.0,0.0,0.0,0.0,2.17464874348458,0.0,0.0,0.9163087081365050,0.0,4.56276368444795,0.70730751195719,0.0,0.0,0.0,0.0,10.475172275412000,0.0,0.0,4.5,0.0,0.0,0.0,1.0,0.0,0.0,0.0,0.0,2.2222222222222200,0.0,0.0,0.0,0.0,4.375,0.44202898550724600,0.0,0.0,0.0,0.0,0.0,9.411764705882350,21.0,17.88235294117650,0.0,0.0,0.0,0.0,0.0,0.0,0.0,0.0,12.413793103448300,0.0,0.0,0.0,0.0,0.09445843828715360,0.0,0.0,25.0,0.0,0.0,0.0,0.02499999999999990,0.008431685137093080
1.2562441034198200,0.6553349386869800,0.30155210643015500,-0.3481781376518210,0.06521739130434780,1.092493297587130,0.9855907780979840,1.0157819225251100,0.7178783721993600,0.31149527570864400,0.35617185724028200,-0.21094372294372400,0.2032939401558960,0.09952619303014390,0.11278059505656200,0.7040156644825360,0.12774971832985800,0.13025729548158400,0.26672691565720700,0.012131765868271400,0.3580845505917480,0.35731706378228700,0.6619656540271520,-0.09669632940225220,0.0,0.07687652412270570,-0.3664149933880430,0.0,0.0,0.0,0.0,0.0,0.0,0.0,0.0,5.764084985580660,0.0,0.0,0.0,0.0,0.0,0.0,0.0,0.0,0.0,0.0,0.0,0.0,0.0,0.0,0.0,0.0,0.0,0.0,0.0,2.64248552512936,2.91218942320501,0.0,0.0,0.0,0.0,0.0,0.0,0.0,0.0,0.0,3.72547887758615,0.0,4.6167206835584000,0.0,0.0,0.0,0.0,0.0,0.0,0.0,0.0,0.0,0.0,8.74999095149196,0.0,0.0,0.0,0.0,0.0,0.0,0.0,0.0,-0.07105774108745410,0.0,-0.4418126578104490,0.0,0.0,0.0,0.0,0.0,0.0,0.0,0.0,0.0,0.0,0.0,0.0,0.0,0.0,0.0,0.0,0.0,6.19602198395565,0.0,0.0,0.0,0.0,0.0,0.0,0.0,0.0,0.0,16.655494010392,0.0,0.0,1.2145686519978500,0.0,0.0,0.0,0.530336042453863,0.0,0.0,0.0,0.0,0.0,0.0,-0.1,0.0,0.0,0.0,0.0,0.0,0.0,0.0,0.0,0.0,0.0,1.5,0.0,0.0,0.0,0.007246376811594210,0.0,0.0,0.0,0.0,0.0,0.0,0.0,0.47058823529411800,0.0,0.0,0.0,0.0,0.0,0.0,0.0,0.0,0.0,0.0,0.0,0.0,0.0,-0.35894206549118400,0.0,0.0,0.0,0.0,0.0,0.0,-0.9750000000000000,-0.38349703873218300
1.256237086292060,0.6558661071957960,0.2926829268292680,-0.33198380566801500,0.13043478260869600,1.095174262734590,0.9855907780979840,1.0157819225251100,0.7197073616826700,0.09626556016597480,0.8787061994609160,0.3885714285714290,0.3470790378006870,0.5228262928584960,-0.10751445086705200,-0.3066825645120710,-0.5668770664262100,-0.5247148288973380,-0.9926345609065160,-0.6769750235701020,0.4048672566371680,0.4044728434504790,-0.17991967871485900,-0.09669632940225220,0.0,0.6940576485691590,-0.028814500263983600,0.0,0.0,0.0,0.0,0.0,0.0,0.0,0.0,0.0,8.673956345139430,0.0,0.0,0.0,7.78919716120626,0.0,0.0,0.0,0.0,0.0,0.0,0.0,0.0,0.0,0.0,11.6166323407999,0.0,0.0,0.0,0.0,0.0,0.0,0.0,0.0,0.0,0.0,0.0,0.0,0.532961831509623,0.0,0.0,0.0,7.55387648850559,0.0,0.0,0.0,2.23272832436268,0.0,0.0,0.0,0.0,0.0,0.0,0.0,0.0,0.0,0.0,0.0,0.0,0.0,0.0,0.0,0.00401618621183373,0.0,-0.4418126578104490,0.0,0.0,0.0,0.0,0.0,0.0,0.0,0.0,0.0,2.76827988502793,0.0,0.0,0.0,0.0,0.0,0.0,0.0,0.0,2.93488296556028,0.0,0.0,0.0,0.0,0.0,0.0,0.0,0.0,0.0,0.0,0.0,0.0,0.0,0.0,0.0,0.0,0.0,0.0,0.0,7.236761238030920,0.0,0.0,0.5,0.0,1.0,20.0,0.0,0.0,0.0,0.0,1.0,0.0,0.0,0.0,0.0,0.0,0.0,0.007246376811594210,0.0,0.0,0.0,0.0,1.0,1.176470588235290,0.0,0.0,0.0,0.0,0.0,0.0,0.0,0.0,0.0,0.0,0.04597701149425290,0.0,16.0,0.0,0.0,0.5478589420654910,0.0,0.0,0.0,0.0,0.0,0.0,0.2750000000000000,-0.8422578488596330
1.2586018583459300,0.6557494897487480,0.4138950480413900,-0.5263157894736860,-0.4347826086956520,1.092493297587130,0.9740634005763710,1.0157819225251100,0.7178783721993600,-0.4116182572614110,-0.08086253369272240,-1.1485714285714300,-0.3127147766323030,-1.0865694260276600,-0.05086705202312140,-0.29598433551746400,-0.4454463480613170,-0.5247148288973380,7.594334277620400,0.22348261484678400,-0.4690265486725660,-0.4696485623003200,4.510843373493980,0.042389216502419200,1.3278748634419700,3.8007520964629900,-0.3664149933880430,0.0,0.0,0.0,0.0,0.0,0.0,0.0,0.0,0.0,0.0,0.0,0.0,0.0,0.0,0.0,1.4380247794658300,0.0,0.0,0.49951513501654100,0.0,0.0,0.0,0.0,0.0,0.0,2.40807069496716,0.0,0.0,0.0,0.0,0.0,0.0,0.0,0.0,0.0,0.0,0.0,0.0,0.0,0.0,0.0,0.0,0.0,0.0,0.0,1.42577561149032,0.0,0.0,0.0,0.0,0.0,0.0,0.0,0.0,2.65632324084516,0.0,0.0,0.0,0.0,0.0,0.0,-0.07105774108745410,0.0,0.27516174008134800,0.0,0.0,0.0,0.0,0.0,0.0,0.0,0.0,0.0,0.0,0.0,0.0,0.0,0.0,0.0,0.0,0.0,0.0,0.0,0.0,0.0,0.0,0.0,0.0,0.0,0.0,0.0,0.0,0.0,0.0,0.9935914931931450,0.0,0.0,0.0,0.0,0.0,0.0,0.0,0.0,0.0,2.00482183668504,0.1,0.0,0.0,0.0,0.0,0.0,0.0,0.0,0.0,0.0,0.0,1.0,0.0,0.0,0.0,-0.13768115942029000,0.0,0.0,0.0,0.0,0.0,0.0,0.0,0.47058823529411800,0.0,0.0,0.0,0.0,0.0,0.0,0.0,0.0,0.0,0.0,0.0,0.0,0.0,0.031486146095717900,0.0,0.0,9.0,0.0,0.0,0.0,-0.3500000000000000,0.2249556452649720
0.4180832785704860,-0.3268563390867940,-0.24833702882483400,-0.02429149797570700,-0.3260869565217390,-0.15951742627345800,-0.0461095100864549,-0.04304160688665700,-0.29172382258802000,-0.19917012448132800,0.11320754716981100,0.422857142857143,0.5532646048109970,0.41674559575677200,0.2104046242774570,0.6864696938206240,0.5909227532311390,-0.5247148288973380,-0.12691218130311600,-0.13475842601068200,-0.2190265486725670,-0.22044728434504800,-0.17991967871485900,0.025320495143773400,1.1649166933761400,-0.05539966866931990,1.0200856794673500,0.0,0.0,0.0,0.0,0.0,0.0,0.0,2.2400064776117900,1.6494033017770800,0.0,0.0,0.0,1.37457572078086,0.0,0.0,1.7555395155325800,0.0,0.0,3.6067613948134500,0.0,0.975767112454873,0.891880570386933,1.48435376573827,0.0,1.83935205234733,0.0,0.0,0.0,0.0,0.0,0.0,0.0,0.0,0.0,0.0,0.0,0.0,0.0,0.0,0.0,1.63657311776026,0.0,1.84137307211868,0.885922517718282,0.0,0.0,0.0,0.0,0.0,0.0,0.0,0.0,0.0,0.0,0.0,0.0,1.01711969699228,0.0,0.0,1.00723758581699,0.0,-0.07105774108745410,0.0,1.630455842340060,0.0,0.0,0.0,0.0,0.0,0.0,0.0,0.0,0.0,0.0,2.03102533642916,3.59723217859895,0.0,0.0,0.0,0.0,0.0,0.0,0.0,0.0,0.0,0.0,0.0,0.0,14.9995781789047,0.0,0.0,0.0,0.0,0.0,0.0,0.0,0.0,0.0,0.0,0.0,0.0,0.0,0.0,0.0,0.0,0.1,0.0,0.0,0.0,0.0,0.0,0.0,0.0,0.0,8.88888888888889,0.5,0.0,0.0,0.0,0.0,-0.13768115942029000,0.0,0.0,0.0,0.0,0.0,36.470588235294100,0.0,0.0,0.0,0.0,0.0,32.0,0.0,0.0,7.0,0.0,1.5632183908046000,0.0,0.0,0.0,0.0,5.409319899244330,0.0,0.0,0.0,0.0,0.0,0.0,-0.4750000000000000,-0.633554892734394
-0.46348830543031700,-1.1216585556969100,0.2394678492239470,-0.5910931174089070,-0.391304347826087,0.17560321715817700,0.005763688760807090,-0.26685796269727400,0.25697302240512100,-0.08962655601659770,-0.39353099730458200,-1.577142857142860,1.0274914089347100,-0.7781776851676460,0.01387283236994220,0.9343119988623550,0.34325217914036600,-0.5247148288973380,1.5342776203966000,0.7502828001627200,-0.34292035398230100,-0.3431309904153350,3.9485943775100400,-0.09669632940225220,0.0,-0.36362185564434600,0.2503247651196200,0.0,0.0,0.0,0.0,0.0,0.0,293.0796280476390,0.6781348892091840,0.0,9.066808260902900,0.0,0.0,0.0,0.0,0.0,3.7118873611108,0.0,0.0,1.452018428404580,0.0,0.0,0.0,0.0,0.0,0.0,0.0,0.0,0.0,0.0,2.291788306045,0.0,0.0,0.0,0.0,0.0,0.0,0.0,0.0,0.0,0.0,0.0,0.0,0.0,0.0,0.0,11.0703279271748,0.0,0.0,0.0,0.0,0.0,0.0,0.0,0.0,0.0,0.0,0.0,0.0,0.0,0.0,0.0,-0.07105774108745410,0.0,-0.4418126578104490,0.0,0.0,0.0,0.0,0.0,0.0,0.0,0.0,0.0,0.0,0.0,0.0,0.0,0.0,0.0,0.0,0.0,0.0,0.0,0.0,0.0,0.0,0.0,0.0,0.0,0.0,0.0,0.0,0.0,0.0,0.0,0.0,0.0,0.0,0.0,0.0,0.0,0.0,0.0,0.0,0.0,0.1,0.0,0.0,80.0,0.0,0.0,1.0,0.0,1.0,0.0,0.0,1.5,0.0,0.0,0.0,0.29710144927536200,4.0,0.0,0.0,0.0,1.0,0.0,0.0,0.23529411764705900,2.0,0.0,0.0,0.0,0.0,0.0,0.0,0.0,0.0,4.0,0.8,0.0,0.0,-0.371536523929471,7.0,0.0,0.0,0.0,0.0,0.0,1.4,1.8773088032364000
1.4510774624241400,0.9700223270492370,0.11529933481153000,-0.13765182186234800,-0.3043478260869570,1.4222520107238600,0.8242074927953900,1.2826398852223800,1.0233196159122100,4.504564315352700,0.7169811320754710,-0.23428571428571300,7.034364261168390,1.7177495737829100,9.834682080924860,2.8296815690735800,8.839795611662150,0.6844106463878330,0.26515580736543900,1.403457589683220,5.106194690265490,5.092012779552720,2.252208835341370,-0.09669632940225220,0.0,-0.062096773632838300,0.33927466745596300,0.0,0.0,0.0,0.0,0.0,0.0,18.04144588619270,0.0,0.0,0.0,0.0,0.0,0.0,0.0,1.05772947343627,1.1703780585098700,0.0,0.0,0.0,0.0,0.0,0.0,0.0,0.0,0.0,0.0,0.0,0.0,0.0,0.0,0.0,0.0,0.0,0.0,0.0,0.0,0.0,0.601296725647324,0.0,1.08223038631622,0.0,0.0,0.0,0.0,0.0,0.519383797779573,0.0,0.0,0.0,0.0,0.0,0.0,0.0,0.0,0.0,0.0,0.0,0.0,0.0,0.0,0.0,-0.07105774108745410,0.0,1.5516311697489400,0.0,0.0,0.0,0.0,0.0,0.0,0.0,0.0,0.0,0.0,0.0,0.0,0.0,0.0,0.0,0.0,0.0,0.0,0.0,0.0,0.0,0.0,0.0,0.0,0.0,0.0,0.0,0.0,0.0,0.0,1.2809520404391300,0.0,0.0,0.0,0.559322056091477,0.0,0.505032501577268,0.0,2.8806635002423400,0.0,0.0,-0.1,0.0,0.0,0.0,0.0,0.0,0.0,0.0,0.0,0.0,0.0,3.5,1.0,0.0,0.0,-0.13768115942029000,4.0,0.0,0.0,0.0,0.0,0.0,0.0,0.0,0.0,0.0,0.0,0.0,0.0,0.0,0.0,0.0,0.0,0.0,2.4,0.0,0.0,-0.20780856423173800,0.0,0.0,0.0,0.0,0.0,0.0,-0.8500000000000000,-0.4563502267019790
-0.2853515002092930,-0.6996016435871290,0.07686622320768660,-0.3400809716599190,-0.5869565217391310,-0.19168900804289500,0.0,-0.06025824964131990,0.02103337905807020,0.07302904564315340,-0.4797843665768190,0.7485714285714290,-0.6632302405498280,1.159310475468840,-0.8502890173410410,0.6454598160079630,-0.4502554854223030,-0.12167300380228100,-0.7433427762039660,0.9415350889948970,-0.2743362831858410,-0.27539936102236400,-0.17991967871485900,-0.062087533060715200,0.0,1.7038618185436600,2.984388014048120,0.0,0.0,0.0,0.0,0.0,0.0,0.0,0.8859253193780040,0.0,0.0,0.0,0.0,0.0,0.0,0.0,0.0,0.0,0.0,5.701430467527040,0.0,0.0,0.0,0.0,0.0,0.0,0.0,0.0,0.0,0.0,0.0,0.0,0.0,0.0,0.0,0.0,0.0,0.0,0.0,0.0,0.0,0.0,0.0,0.0,0.0,0.0,0.0,0.0,0.0,0.0,0.0,1.27621998451471,0.0,0.0,0.0,0.0,0.0,0.0,0.0,0.0,0.0,0.0,-0.07105774108745410,0.0,2.3085243772550000,0.0,0.0,0.0,0.0,0.0,0.0,0.0,0.0,0.0,0.0,0.0,0.0,0.0,0.0,0.0,0.0,0.0,3.32481094112721,0.0,0.0,0.0,0.0,0.0,0.0,3.46724734673911,0.0,0.0,0.0,0.0,0.0,1.011188449177590,0.0,0.0,0.0,0.0,0.0,0.0,0.0,0.0,0.0,0.0,-0.1,0.0,0.0,0.0,0.0,0.0,0.0,1.0,0.0,0.0,1.5,0.0,0.0,0.0,5.0,2.6159420289855100,0.0,0.0,0.0,0.0,0.0,3.529411764705880,0.0,0.0,0.0,0.0,33.0,0.0,0.0,0.0,86.0,0.0,0.0,0.0,0.0,0.0,0.0,1.4798488664987400,0.0,0.0,0.0,172.0,0.0,0.0,0.02499999999999990,-0.009417345915507290
0.7114581626563100,0.8834314763668960,-0.09460458240946050,0.3643724696356270,0.7391304347826090,1.478552278820380,0.6743515850144100,0.26685796269727400,0.33561957018747100,-0.08962655601659770,-0.12398921832884100,-1.2628571428571400,-0.6632302405498280,-0.7887857548778180,1.2277456647398800,-0.09806709911723190,0.6005410279531110,-0.030418250950570400,-0.24022662889518400,0.3894818744101900,-0.21681415929203500,-0.2166134185303510,3.6305220883534100,-0.09669632940225220,0.0,-0.4954160448820460,-0.3664149933880430,0.0,0.0,0.0,0.0,0.0,0.0,0.0,0.0,0.0,0.0,0.0,0.0,0.0,0.0,0.0,0.0,5.47802680330738,0.0,1.7878464394508300,0.0,0.0,0.0,0.0,0.0,0.0,0.0,0.0,0.0,0.0,0.0,0.0,7.02545769483842,0.0,0.0,0.0,2.15044744641952,0.0,0.0,0.0,0.0,0.0,0.0,0.0,0.0,0.0,1.69262492506073,2.11032725937664,0.0,0.0,0.0,0.0,1.26944054569076,0.0,0.0,4.03130891780903,0.0,0.0,6.15678559587612,0.0,0.0,0.0,-0.07105774108745410,0.0,-0.4418126578104490,0.0,0.0,0.0,0.0,0.0,0.0,0.0,0.0,0.0,0.0,0.0,0.0,0.0,0.0,0.0,0.0,0.0,0.0,0.0,0.0,0.0,0.0,0.0,0.0,0.0,0.0,0.0,0.0,0.0,0.0,1.4140572203215200,0.0,0.0,0.0,0.617441845543331,0.0,0.557511001822953,0.0,0.0,0.0,0.0,1.1,13.0,0.0,0.0,0.0,0.0,0.0,0.0,0.0,0.0,0.0,0.0,0.0,0.0,0.0,-0.13768115942029000,12.0,0.0,0.0,0.0,0.0,0.0,0.0,0.7058823529411770,0.0,10.909090909090900,0.0,0.0,0.0,18.0,0.0,0.0,0.0,0.0,0.0,0.0,0.0,-0.49748110831234300,0.0,0.0,0.0,0.0,4.0,48.0,1.025,1.4341900011142300
0.7588658777777640,0.8970006352056490,1.0790835181079100,-1.141700404858300,-2.413043478260870,1.695710455764080,1.0201729106628300,0.7661406025824970,0.8806584362139920,-0.006639004149377450,-0.0053908355795149000,-1.9542857142857100,-0.26460481099656400,-1.0774767948475100,0.38381502890173400,-0.10519925178030300,1.1042981665163800,0.6235741444866920,3.6736543909348400,0.3853748758829820,-0.09955752212389400,-0.09904153354632590,3.5694779116465900,-0.01020745342404320,0.0,0.7549868881108060,0.396616398682508,0.0,0.0,0.0,0.0,0.0,0.0,0.0,0.0,5.918835618161120,1.8577244990210300,0.0,0.0,0.0,0.0,0.0,0.0,2.21225387883816,0.0,0.0,0.0,0.0,1.61518534026486,0.0,0.0,0.0,0.0,0.0,0.0,0.0,0.0,0.0,0.0,3.6752451536751700,0.0,0.0,0.0,0.0,0.0,0.0,0.0,0.0,0.0,0.0,0.0,0.0,0.0,1.81583880068086,0.0,0.0,0.0,1.33527069694599,0.0,0.0,0.0,0.0,0.0,0.0,0.0,0.0,0.0,0.0,-0.07105774108745410,0.0,0.4343987318934440,0.0,0.0,0.0,0.0,0.0,0.0,0.0,0.0,0.0,0.0,0.0,0.0,0.0,0.0,0.0,0.0,0.0,0.0,0.0,0.0,0.0,0.0,0.0,5.27943379765368,0.0,0.0,0.0,0.0,0.0,0.0,0.0,0.0,0.0,0.0,0.0,0.0,0.0,0.0,0.0,0.0,0.0,0.78,0.0,17.2,12.000000000000000,0.4,0.4,0.0,0.0,8.8,4.0,0.0,0.2,0.8,0.6666666666666670,0.25,6.67391304347826,0.4,13.4,2.2,0.0,0.0,0.0,5.0,5.552941176470590,2.6,3.818181818181820,0.0,7.8,0.0,0.8,0.0,0.0,0.009195402298850580,5.2,15.680000000000000,0.0,2.0,-0.04408060453400500,0.0,4.8,0.6,0.0,2.4,2.2,0.5750000000000000,0.7035668063733690
0.7590497265249730,0.8970094214516600,1.0790835181079100,-1.141700404858300,-2.413043478260870,1.695710455764080,1.0201729106628300,0.7661406025824970,0.8824874256973020,0.4481327800829870,-0.08086253369272240,-1.268571428571430,-0.09278350515463910,-0.6819473385110820,0.5398843930635840,7.249833182012090,0.7376014427412080,-0.091254752851711,0.13144475920679900,0.7180056653012530,0.23230088495575200,0.23194888178913700,3.0168674698795200,-0.020624284251579300,0.0,-0.16194615047041800,-0.3664149933880430,0.0,0.0,0.0,0.0,0.0,1.42775607333,0.0,0.0,0.0,0.0,0.0,0.0,0.0,0.0,0.0,0.0,0.0,0.0,0.0,0.0,0.0,0.0,0.0,0.0,0.0,0.0,0.0,0.0,0.0,0.0,1.63365776004689,0.0,0.0,0.0,0.0,0.0,0.0,0.0,0.0,0.0,0.0,23.267490502954900,0.0,0.0,0.0,0.0,0.0,0.0,0.0,0.0,0.0,0.0,0.0,0.0,0.0,0.0,0.0,0.0,0.0,0.0,0.0,-0.07105774108745410,0.0,-0.4418126578104490,0.0,0.0,0.0,0.0,0.0,0.0,0.0,0.0,0.0,0.0,0.0,0.0,0.0,0.0,0.0,0.0,0.0,0.0,0.0,0.0,0.0,0.0,0.0,0.0,0.0,0.0,0.0,0.0,0.0,0.0,0.0,0.0,0.0,0.0,0.0,0.0,0.0,0.0,0.0,0.0,0.0,4.3,0.0,0.0,0.0,0.0,0.0,0.0,0.0,0.0,0.0,0.0,1.0,0.0,1.6666666666666700,1.25,1.3840579710144900,0.0,0.0,0.0,0.0,0.0,0.0,0.0,0.0,0.0,7.2727272727272700,0.0,27.333333333333300,0.0,4.0,0.0,0.0,0.04597701149425290,23.0,78.4,0.0,10.0,0.006297229219143580,0.0,20.0,0.0,0.0,12.0,0.0,1.65,1.334338278779150
-0.6351932113499270,-0.9891467896155360,0.5262379896526240,-0.7530364372469650,-0.10869565217391300,0.08713136729222560,0.276657060518733,0.057388809182209700,0.4197530864197530,6.147717842323650,1.9568733153638800,-0.21094372294372400,0.2032939401558960,0.09952619303014390,0.11278059505656200,0.7040156644825360,0.12774971832985800,0.13025729548158400,0.26672691565720700,0.2554229637881050,9.672566371681410,9.696485623003200,0.6619656540271520,-0.09669632940225220,75.83812085014490,-0.24705857875167500,0.3033339364232480,0.0,0.0,1.27776515792698,0.0,0.0,0.0,43.189921043431400,0.9740470445517070,0.0,0.0,0.0,0.0,0.730057619524583,0.0,0.0,0.0,0.0,0.0,0.0,4.63578640967185,0.0,0.0,0.0,0.623157584316001,0.0,0.0,0.0,0.0,0.0,0.0,0.0,0.0,0.0,0.0,0.0,0.685193381633428,0.0,0.0,0.0,0.0,0.0,0.0,0.0,0.0,0.0,0.0,0.0,0.0,0.0,0.0,0.0,0.0,0.0,0.0,1.33140727433614,0.0,0.0,0.0,0.0,0.0,0.0,0.03165024389495300,20.4885496628803,-0.4418126578104490,0.867593504667832,0.0,0.0,0.0,0.0,0.0,0.0,0.0,0.627937612645328,0.0,0.0,0.0,0.0,0.0,4.46667366571337,0.0,0.0,0.0,0.0,0.0,0.0,0.0,0.0,0.0,0.0,0.0,0.0,0.0,4.53933585185676,0.0,0.0,2.99657230880632,0.0,0.0,0.0,0.0,0.0,0.0,0.0,1.07677231008912,0.0,-0.1,0.0,0.0,0.0,0.0,0.0,1.0,0.0,0.0,4.444444444444450,0.0,0.0,0.0,0.0,0.0,-0.13768115942029000,0.0,0.0,0.0,0.0,1.0,0.0,0.0,0.0,0.0,0.0,0.0,0.0,0.0,0.0,0.0,0.0,1.6091954022988500,0.0,1.6,0.0,0.0,1.2027707808564200,12.0,0.0,0.0,0.0,0.0,0.0,-0.6000000000000000,-0.7396205634551260
-0.8165480713599750,-0.21370067296653800,0.6267553584626760,-0.3076923076923070,0.6521739130434780,-0.36595174262734500,0.7492795389049010,0.9354375896700140,0.3283036122542290,0.19917012448132800,-0.3396226415094340,-0.20571428571428500,0.7731958762886600,0.21973858685357100,-0.13641618497109800,-0.24427622871019600,-0.0018034265103697700,-0.5247148288973380,-1.4708215297450400,1.1324345046764200,-0.09955752212389400,-0.10159744408945700,-0.17991967871485900,0.1759168446872070,2.6026872811404100,0.01230809849018950,-0.3664149933880430,1.5359032427403100,2.8678154762818800,1.09125479536677,0.0,0.0,0.0,0.0,0.0,0.0,0.0,0.0,0.0,0.0,0.0,0.608043431133677,2.7111218898161400,0.0,0.0,0.0,0.0,0.0,19.8285036455031,2.92116911500289,0.0,0.0,0.0,0.0,0.0,0.0,0.0,0.0,0.0,1.5893305539707900,0.0,0.0,0.594711058944036,0.0,0.0,0.0,1.36967548708808,0.0,0.0,0.0,0.0,0.0,0.0,0.0,0.0,0.0,0.0,0.0,0.0,0.0,0.0,0.0,0.0,0.0,0.0,0.0,0.0,0.0,-0.04169285508946340,0.0,0.010133730546844900,0.0,0.0,0.0,11.729938466617900,0.0,0.877554513946643,0.0,0.0,0.0,0.0,0.0,0.0,0.0,0.0,0.0,0.0,11.1092560595508,0.0,0.0,0.0,0.0,0.0,0.0,0.0,0.0,0.0,0.0,0.0,0.0,0.0,0.0,0.0,0.0,0.856338921376296,0.0,0.0,0.0,0.0,0.0,2.47332124485102,0.0,-0.1,1.0,0.0,0.0,0.0,0.0,0.0,0.0,0.0,0.0,0.0,0.0,14.0,0.0,0.0,-0.13768115942029000,0.0,0.0,0.0,0.0,0.0,0.0,0.0,0.7058823529411770,0.0,0.0,0.0,0.0,0.0,0.0,0.0,0.0,1.8850574712643700,0.0,0.0,0.0,0.0,1.857682619647360,0.0,0.0,0.0,0.0,0.0,0.0,-0.3500000000000000,-0.605484987957796
0.4666011033029840,1.0910880108278500,0.24833702882483400,0.08906882591093260,0.021739130434782600,1.6152815013404800,-0.04034582132564780,-0.37876614060258200,0.7745770461819840,0.12946058091286300,0.1671159029649600,0.6228571428571420,-0.23711340206185600,-0.15154385300246300,0.5109826589595380,4.111686010260670,-0.2182146077547340,-0.0532319391634981,-0.31728045325779000,0.8978210987099760,0.09955752212389360,0.09904153354632590,-0.17991967871485900,-0.09669632940225220,0.0,-0.3888447734953760,0.28456370018490700,0.0,0.0,1.24945968444944,0.0,0.0,0.0,0.0,0.4307666473979450,0.0,0.0,0.0,0.0,3.23384534155748,0.0,0.0,0.0,0.0,0.0,0.0,0.0,0.0,0.0,0.0,2.13466524733465,0.0,0.0,0.0,0.0,0.0,0.0,0.0,0.0,0.0,0.0,0.0,0.0,0.0,0.0,0.0,0.0,0.0,0.0,0.0,0.0,0.0,0.0,0.0,0.0,0.0,0.0,0.0,0.0,0.0,0.0,0.0,0.0,0.0,0.0,0.0,0.77323596870495,0.0,-0.07105774108745410,0.0,0.2922092437503160,0.0,0.0,0.0,0.0,0.0,0.0,0.0,0.0,0.0,0.0,0.0,0.0,0.0,0.0,0.0,0.0,0.0,0.0,0.0,0.0,0.0,0.0,0.0,0.0,0.0,0.0,0.0,0.0,0.0,0.0,1.5375743152123000,0.0,0.0,0.0,0.671375039992258,0.0,0.606209271118703,0.0,47.01850141325200,0.0,0.0,-0.1,0.0,0.0,0.0,0.0,0.0,0.0,0.0,0.0,2.2222222222222200,0.0,0.0,0.0,0.0,0.0,-0.13768115942029000,0.0,0.0,0.0,0.0,0.0,0.0,0.0,0.0,0.0,0.0,0.0,0.0,0.0,0.0,0.0,0.0,0.0,0.0,0.0,0.0,0.0,-0.4219143576826200,0.0,0.0,0.0,0.0,0.0,5.0,-0.9750000000000000,-0.6794095463389120
0.46499839132344600,1.0905624335665000,0.23651145602365100,0.10526315789473600,0.13043478260869600,1.6581769436997300,-0.02881844380403450,-0.37302725968436100,0.8074988568815730,-0.1892116182572620,-0.522911051212938,-0.4800000000000000,-0.09278350515463910,-0.26520174275431000,0.8404624277456650,0.4600238467681060,-0.2566877066426210,-0.5247148288973380,-0.8861189801699720,-0.3053665714965470,-0.46460176991150500,-0.46581469648562300,0.3630522088353410,-0.09669632940225220,0.0,-0.4226715801257000,-0.11326981062039000,0.0,0.0,0.0,0.0,0.0,0.0,0.0,0.0,0.0,0.0,0.0,0.0,0.0,0.0,0.0,0.0,0.0,0.0,1.569143190745860,0.0,0.0,0.0,0.0,0.0,0.0,0.0,0.0,0.0,0.0,0.0,0.0,0.0,0.0,0.0,0.0,0.0,0.0,0.0,0.0,0.0,0.0,0.0,0.0,0.0,0.0,0.0,0.0,0.0,0.0,0.0,0.0,0.0,0.0,0.0,0.0,0.0,0.0,0.0,0.0,0.0,0.0,-0.07105774108745410,0.0,1.8109707649629900,0.0,0.0,0.0,0.0,0.0,0.0,0.0,0.0,0.0,0.0,0.0,0.0,0.0,0.0,0.0,0.0,0.0,3.55468904388647,0.0,0.0,0.0,0.0,0.0,0.0,0.0,0.0,0.0,0.0,0.0,0.0,1.8964506963951400,0.0,0.0,0.0,0.828076828247382,5.51834249137791,0.747701091908215,0.0,0.0,0.0,0.0,0.1,4.0,0.0,0.0,0.0,0.0,0.0,0.0,0.0,0.0,0.0,0.0,0.0,0.0,0.0,3.4855072463768100,24.0,0.0,0.0,0.0,0.0,0.0,0.0,3.2941176470588200,0.0,0.0,5.0,1.0,0.0,1.0,1.0,0.0,0.0,0.0,0.0,0.0,0.0,-0.32115869017632200,2.0,0.0,0.0,0.0,47.0,356.0,1.65,-0.2401476776974960
0.4666011033029840,1.0910880108278500,0.24833702882483400,0.08906882591093260,0.021739130434782600,1.6152815013404800,-0.04034582132564780,-0.37876614060258200,0.7745770461819840,-0.47468879668049800,1.2668463611859800,0.46285714285714300,-0.13402061855670100,-0.06819473385110830,-0.6919075144508670,0.3619567476508740,-0.4694920348662460,-0.12927756653992400,-0.24249291784702600,-0.8206151698851420,-0.09734513274336300,-0.09904153354632590,-0.17991967871485900,-0.09669632940225220,0.0,-0.19529932111566200,0.005277832206421860,0.0,0.0,0.24989193688988800,0.0,0.2913141494123270,0.0,58.61592560952790,0.2217803073214260,0.0,3.548152921208470,0.0,0.0,0.646769068311496,1.5578394322412500,0.0,0.7423774722221600,0.515215540638546,0.0,1.094487665283380,0.0,0.0,0.0,0.0,0.42693304946693,2.32332646815998,0.0,0.0,0.0,0.0,1.18829179307249,0.0,0.402021467932064,0.0,0.0,0.0,0.496802041078338,0.0,0.10659236630192500,1.65936131837073,0.0,0.0,1.510775297701120,0.0,0.0,0.0,2.821339769677850,0.305194201955156,0.0,0.0,0.0,0.0,0.219040641821496,0.0,0.1605579936731660,0.0,0.58265273049891,0.0,0.0,0.0,0.15464719374099,0.658419328085996,-0.056042955627596600,0.0,0.155548407056392,0.0,0.0,0.0,0.0,0.0,0.0,0.0,0.0,0.0,0.553655977005586,0.0,0.0,0.0,0.0,0.0,0.0,0.0,0.710937808777294,0.5869765931120560,0.0,0.0,0.0,0.0,0.0,0.0,0.0,0.0,0.0,0.0,0.0,0.9137799514351450,0.0,0.0,0.0,0.29989037364792800,1.103668498275580,0.2707820726053840,0.0,10.851052530256600,0.0,0.0,0.1,0.8,0.2,20.0,0.0,0.0,0.2,0.0,0.4,0.4444444444444450,0.0,0.6,0.0,0.0,0.0,0.7318840579710140,5.6,0.0,0.0,0.0,0.4,0.23529411764705900,0.0,0.8000000000000000,0.4,0.0,1.0,0.20000000000000000,0.0,0.2,0.2,0.0,0.009195402298850580,0.8,3.3600000000000000,0.0,0.0,-0.18513853904282100,1.8,0.0,0.0,0.0,9.4,72.2,0.2750000000000000,-0.053600661678365600
0.8647066191513410,0.37900830040654400,0.026607538802660800,-0.2995951417004030,-0.6521739130434780,0.25871313672922300,-0.17291066282420700,0.2439024390243900,-0.0192043895747602,-0.8979253112033200,-0.24258760107816700,-0.7657142857142860,-0.8694158075601380,-1.2509945065353300,-0.25780346820809200,-0.5188641062384460,-0.11121130147279900,-0.5247148288973380,-0.07705382436260620,0.0384165019821295,-0.8960176991150440,-0.8952076677316290,2.2907630522088400,-0.09669632940225220,0.0,0.9535405832099820,0.7575590662280670,0.0,0.0,0.0,0.0,9.086102273555910,0.0,0.0,0.0,0.8633689605478540,1.3378849367434500,0.0,0.0,0.0,0.0,0.0,0.0,0.0,0.0,2.5189826703200700,0.0,0.0,0.0,0.0,0.549480471437397,0.855641928130306,0.0,0.0,0.0,0.0,0.0,0.0,0.0,0.0,0.0,0.0,0.0,0.0,0.628719839728175,0.717914506220086,0.0,0.0,0.0,0.0,0.0,0.529841203345754,3.84871903394203,0.0,0.0,0.0,0.0,0.742991822640707,0.0,0.0,0.0,0.0,0.0,0.0,2.30617214432466,0.0,0.0,1.64369986805951,-0.07105774108745410,0.0,-0.4418126578104490,0.0,0.0,0.0,0.6506155774013630,0.0,0.0,0.0,0.0,0.0,0.0,0.0,0.0,0.0,0.0,0.0,0.0,4.15849884167045,0.0,0.0,0.0,0.0,0.0,0.0,1.45749625215608,0.0,0.0,0.0,0.0,0.0,0.0,0.0,1.90568159352597,0.0,0.0,0.0,8.19193199264574,0.0,0.0,0.0,0.0,0.0,0.9,1.0,0.0,0.0,0.0,13.0,0.0,0.0,0.0,2.2222222222222200,0.5,3.0,0.0,3.3333333333333300,0.0,1.3115942028985500,0.0,0.0,0.0,0.0,0.0,0.0,0.0,1.1764705882352900,0.0,1.8181818181818200,0.0,0.6666666666666670,0.0,0.0,0.0,0.0,0.0,0.0,0.0,0.0,0.0,0.28337531486146100,21.0,0.0,0.0,0.0,1.0,0.0,1.525,1.6191085341081500
-0.47899335092059600,-0.09853854775734060,0.21286031042128600,-0.22672064777327900,-0.6521739130434780,-0.5777479892761390,0.057636887608070000,0.08895265423242500,-0.23502514860539600,-0.4780082987551870,-0.2964959568733150,0.5657142857142860,-0.20962199312714800,0.07577192650123130,-0.9716763005780350,-0.6900357701521590,-0.4105801021941690,-0.5247148288973380,-0.9019830028328610,-0.4138933096780550,-0.5929203539823010,-0.592332268370607,-0.17991967871485900,-0.09669632940225220,0.0,0.40431159619592700,1.5482820195522000,0.0,0.0,0.0,0.0,0.0,0.0,0.0,2.41574135770037,1.2514555357295700,5.057518823590220,0.0,0.0,0.0,0.0,0.0,0.0,0.0,0.0,4.155848658899860,0.0,0.0,0.0,1.68582209558946,0.0,4.59188042772327,0.0,0.0,0.0,0.0,0.0,0.0,0.0,0.0,0.0,0.0,0.0,0.0,0.0,0.0,0.0,6.68603635472774,0.0,0.0,0.0,0.0,0.0,0.0,0.0,0.0,0.0,0.0,0.0,0.0,0.0,1.1931970365155,0.0,0.0,0.0,0.0,0.831606769987049,0.0,-0.07105774108745410,0.0,1.4765625357209400,0.0,0.0,0.0,0.0,0.0,0.0,0.0,0.0,0.0,0.0,0.0,0.0,0.0,0.0,0.0,3.61529854397915,0.0,4.32585401862131,0.0,0.0,0.0,0.0,0.0,0.0,4.33122578674652,1.87292283620947,0.0,0.0,0.0,0.0,0.0,0.0,0.0,8.17034831231415,0.0,0.0,0.0,22.1049778393185,0.0,0.0,0.0,80.3,0.0,0.0,20.0,0.0,0.0,0.0,0.0,0.0,0.0,108.0,0.0,0.0,0.0,0.625,-0.13768115942029000,0.0,0.0,0.0,380.0,0.0,0.0,0.0,0.0,0.0,0.0,0.0,0.0,0.0,0.0,0.0,0.0,0.0,0.0,0.0,0.0,0.0,-0.1070528967254410,0.0,0.0,0.0,0.0,0.0,0.0,-0.6000000000000000,-0.23179098848919600
